{
  "logs": [
    {
      "timestamp": "2025-03-08T00:34:48.175309",
      "source": "wikipedia",
      "action": "learning",
      "description": "Learning about: Artificial_intelligence"
    },
    {
      "timestamp": "2025-03-08T00:34:53.177755",
      "source": "gemini",
      "action": "learning",
      "description": "Learning from question: What is the future of renewable energy?"
    },
    {
      "timestamp": "2025-03-08T00:34:58.178873",
      "source": "system",
      "action": "topic_generation",
      "description": "Generating new topics to learn"
    },
    {
      "timestamp": "2025-03-08T00:35:03.180250",
      "source": "wikipedia",
      "action": "learning",
      "description": "Learning about: Machine_learning"
    },
    {
      "timestamp": "2025-03-08T00:35:08.181748",
      "source": "gemini",
      "action": "learning",
      "description": "Learning from question: How does blockchain technology secure transactions?"
    },
    {
      "timestamp": "2025-03-08T00:35:13.182670",
      "source": "system",
      "action": "topic_generation",
      "description": "Generating new topics to learn"
    },
    {
      "timestamp": "2025-03-08T00:35:18.184104",
      "source": "wikipedia",
      "action": "learning",
      "description": "Learning about: Deep_learning"
    },
    {
      "timestamp": "2025-03-08T00:35:23.185368",
      "source": "gemini",
      "action": "learning",
      "description": "Learning from question: How is big data transforming business analytics?"
    },
    {
      "timestamp": "2025-03-08T00:35:28.186325",
      "source": "system",
      "action": "topic_generation",
      "description": "Generating new topics to learn"
    },
    {
      "timestamp": "2025-03-08T00:35:33.187614",
      "source": "wikipedia",
      "action": "learning",
      "description": "Learning about: Natural_language_processing"
    },
    {
      "timestamp": "2025-03-08T00:35:38.189250",
      "source": "gemini",
      "action": "learning",
      "description": "Learning from question: How do neural networks function?"
    },
    {
      "timestamp": "2025-03-08T00:35:43.190301",
      "source": "system",
      "action": "topic_generation",
      "description": "Generating new topics to learn"
    },
    {
      "timestamp": "2025-03-08T00:35:48.191541",
      "source": "wikipedia",
      "action": "learning",
      "description": "Learning about: Computer_vision"
    },
    {
      "timestamp": "2025-03-08T00:35:53.192749",
      "source": "gemini",
      "action": "learning",
      "description": "Learning from question: What are the latest advancements in space exploration?"
    },
    {
      "timestamp": "2025-03-08T00:35:58.194098",
      "source": "system",
      "action": "topic_generation",
      "description": "Generating new topics to learn"
    },
    {
      "timestamp": "2025-03-08T00:36:03.195376",
      "source": "wikipedia",
      "action": "learning",
      "description": "Learning about: Robotics"
    },
    {
      "timestamp": "2025-03-08T00:36:08.196769",
      "source": "gemini",
      "action": "learning",
      "description": "Learning from question: What is the future of renewable energy?"
    },
    {
      "timestamp": "2025-03-08T00:36:13.198130",
      "source": "system",
      "action": "topic_generation",
      "description": "Generating new topics to learn"
    },
    {
      "timestamp": "2025-03-08T00:36:18.199436",
      "source": "wikipedia",
      "action": "learning",
      "description": "Learning about: Data_science"
    },
    {
      "timestamp": "2025-03-08T00:36:23.200783",
      "source": "gemini",
      "action": "learning",
      "description": "Learning from question: How is big data transforming business analytics?"
    },
    {
      "timestamp": "2025-03-08T00:36:28.201975",
      "source": "system",
      "action": "topic_generation",
      "description": "Generating new topics to learn"
    },
    {
      "timestamp": "2025-03-08T00:36:33.203543",
      "source": "wikipedia",
      "action": "learning",
      "description": "Learning about: Neural_networks"
    },
    {
      "timestamp": "2025-03-08T00:36:38.205453",
      "source": "gemini",
      "action": "learning",
      "description": "Learning from question: Why is quantum computing important?"
    },
    {
      "timestamp": "2025-03-08T00:36:43.208417",
      "source": "system",
      "action": "topic_generation",
      "description": "Generating new topics to learn"
    },
    {
      "timestamp": "2025-03-08T00:36:48.209893",
      "source": "wikipedia",
      "action": "learning",
      "description": "Learning about: Quantum_computing"
    },
    {
      "timestamp": "2025-03-08T00:36:53.211747",
      "source": "gemini",
      "action": "learning",
      "description": "Learning from question: How is big data transforming business analytics?"
    },
    {
      "timestamp": "2025-03-08T00:36:58.212874",
      "source": "system",
      "action": "topic_generation",
      "description": "Generating new topics to learn"
    },
    {
      "timestamp": "2025-03-08T00:37:03.214093",
      "source": "wikipedia",
      "action": "learning",
      "description": "Learning about: Blockchain"
    },
    {
      "timestamp": "2025-03-08T00:37:08.215349",
      "source": "gemini",
      "action": "learning",
      "description": "Learning from question: How is big data transforming business analytics?"
    }
  ]
}